uri,danceability,energy,loudness,speechiness,acousticness,instrumentalness,liveness,valence,tempo
spotify:track:0Yz3F0UGDibDe8uU69zmjn,0.734,0.852,-3.85,0.0916,0.0401,0.0,0.196,0.787,98.504
spotify:track:6z1kLsntE7FuzKZHZWrXYN,0.463,0.566,-6.195,0.145,0.196,0.0,0.284,0.219,93.921
spotify:track:2jiI8bNSDu7UxTtDCOqh3L,0.686,0.73,-5.673,0.153,0.18,0.0,0.341,0.576,109.93
spotify:track:5Nf0kax3dsrNjsYQB8tyQS,0.724,0.483,-7.955,0.0489,0.801,0.0,0.133,0.419,90.0
spotify:track:431fVJWWDSPmpdcNhmNQ3u,0.839,0.52,-4.425,0.047,0.573,0.0,0.0724,0.895,88.974
spotify:track:7zZnCBlFyAESht9EYLC08n,0.651,0.509,-7.023,0.288,0.474,0.0,0.0799,0.386,100.106
spotify:track:6GS3lnAVy5w6AHWEKYzYeS,0.632,0.531,-5.669,0.0333,0.249,0.0,0.346,0.511,95.061
spotify:track:7F9gR7qPem6WPhoPnJT1Ay,0.83,0.601,-5.828,0.0505,0.121,0.0,0.0731,0.901,125.018
spotify:track:1K3N3pF1uu1WPRD2QFEz06,0.351,0.577,-8.326,0.119,0.611,0.000165,0.205,0.444,175.658
spotify:track:12XPa1Q3JzQchPjmRxPjXg,0.674,0.585,-4.703,0.117,0.19,0.0,0.0735,0.641,92.184
spotify:track:5r7hf1fZOTalt5DaAIcfEf,0.577,0.733,-7.245,0.107,0.561,3.75e-05,0.0897,0.388,79.967
spotify:track:3VZEykkQLXEsaGaO9eFJOp,0.777,0.79,-6.213,0.125,0.283,0.0,0.0907,0.439,110.048
spotify:track:4jgjX77dDvKNMOyqQZxX9B,0.856,0.434,-7.581,0.145,0.786,1.13e-06,0.0966,0.728,97.036
spotify:track:3mNbGPCLCxia3yvwWp2P51,0.728,0.503,-7.147,0.08,0.777,2.57e-06,0.249,0.267,120.032
spotify:track:7uQ0QBWGiVsfWcWxikYsWV,0.809,0.373,-7.04,0.0913,0.539,0.0,0.294,0.438,85.999
spotify:track:12AZFn9F5h9tlxMEbdZEwm,0.732,0.354,-8.361,0.0365,0.439,1.86e-05,0.128,0.554,87.991
spotify:track:1p3btOdnzSwb83s8RLM1Ih,0.689,0.792,-4.373,0.0635,0.201,0.0,0.0782,0.752,96.982
spotify:track:4G5SXAQyz9D75KmKTLbI0X,0.883,0.567,-6.092,0.0374,0.552,0.0,0.108,0.561,115.051
spotify:track:0PDDcA8Huv30K3882xUR2H,0.656,0.652,-5.013,0.0596,0.848,0.0,0.108,0.525,90.032
spotify:track:1XVk5RpNPlUnsau8TJ8Slf,0.58,0.537,-6.145,0.0491,0.577,0.0,0.31,0.622,177.844
spotify:track:4vh0x47AvwbCywPOlEmfFQ,0.739,0.349,-7.477,0.0604,0.675,0.0,0.326,0.496,98.049
spotify:track:4xBszBdB2AjXp6S2nK9ajO,0.764,0.601,-4.467,0.192,0.236,0.0,0.228,0.551,130.012
spotify:track:7xnnlu8gptFTW8pX8BtdP3,0.619,0.81,-5.72,0.0452,0.273,0.0,0.168,0.571,96.045
spotify:track:0Wjj4wmUPn34PU9rOGCBj7,0.561,0.624,-5.06,0.0584,0.748,0.0,0.0855,0.307,123.171
spotify:track:36I0S9xxXs1tfowB7f2bf1,0.614,0.361,-15.515,0.352,0.738,7.28e-05,0.371,0.406,79.926
spotify:track:7DnTD79C5egpuKEjGAvDaT,0.568,0.732,-4.52,0.0561,0.709,0.0,0.119,0.568,130.352
spotify:track:3CCIE5fXr8J5pa8Ngn1cWQ,0.594,0.484,-7.322,0.0415,0.708,0.0,0.0922,0.326,93.992
spotify:track:02j6iTKelEnja1ul7GrL8l,0.561,0.452,-5.868,0.0291,0.739,2.38e-05,0.104,0.11,133.957
spotify:track:1IPWWbMswU3M7ACApQaVF0,0.81,0.31,-6.707,0.0591,0.597,1.56e-05,0.0906,0.5,127.91
spotify:track:0Ft9pLHK8GSYxBjDLXZBMd,0.634,0.402,-9.011,0.0313,0.849,7.36e-06,0.0678,0.247,85.003
spotify:track:1AkMn1nMSy300FhI4nJw6l,0.874,0.73,-4.635,0.0633,0.164,0.0,0.0883,0.854,125.929
spotify:track:0qy9VnYrq9hC1z7QCwj1rX,0.405,0.398,-7.477,0.0891,0.592,2.12e-05,0.109,0.306,83.676
spotify:track:15AJHySj4Y625O9rgZPagM,0.782,0.748,-5.609,0.0288,0.062,2.12e-05,0.119,0.293,104.981
spotify:track:7EI2oR07NQWmaqrQ5LcsXF,0.612,0.563,-6.241,0.0598,0.598,8.37e-06,0.335,0.671,89.968
spotify:track:6c3IzgWIRFPKPcoMj4l4bh,0.468,0.428,-9.625,0.149,0.839,1.02e-05,0.367,0.188,92.645
spotify:track:5pAa3kkUrZTW7JTXUg4huL,0.82,0.682,-5.338,0.314,0.726,0.0,0.146,0.459,80.004
spotify:track:70t81387Ohw1VXIbQydzfK,0.667,0.773,-4.198,0.0509,0.161,3.69e-06,0.138,0.554,93.001
spotify:track:7jwEER43W8bYYsKUdl39Aa,0.783,0.604,-4.459,0.176,0.213,0.0,0.33,0.531,81.038
spotify:track:4LjlYndpXP76iDArlJaWXT,0.463,0.566,-6.195,0.145,0.196,0.0,0.284,0.219,93.921
spotify:track:2Z1dt1uXqY4XqCXlHDf6gO,0.635,0.477,-11.945,0.381,0.585,0.0,0.109,0.537,79.08
spotify:track:0qVmnY53N0Qkb9YdOy4owI,0.551,0.349,-10.762,0.161,0.902,0.0,0.0905,0.198,90.159
spotify:track:5pB8oNaB7XZyz6LZaTciZw,0.606,0.663,-5.88,0.265,0.285,0.0,0.19,0.517,191.962
spotify:track:1nJkD1dfjfxlIeNNJIKKY3,0.86,0.562,-6.831,0.212,0.577,5.82e-05,0.102,0.559,99.976
spotify:track:3F2XLph6VRmpEPOal7qWST,0.439,0.675,-7.259,0.203,0.651,0.000647,0.108,0.418,83.172
spotify:track:2WI0M5LOz7fyQpmSO8mjJ9,0.772,0.577,-9.485,0.205,0.488,3.62e-05,0.0966,0.461,109.986
spotify:track:51PQ3CZ3YHcDYX2iGV6Q2b,0.857,0.637,-7.685,0.0738,0.0506,8.19e-06,0.333,0.569,108.01
spotify:track:79UbKxkr3i0QICnfmOqYov,0.7,0.605,-5.781,0.0325,0.0669,0.0172,0.103,0.476,100.005
spotify:track:68vMDFui7uTbw9OQcyB0gD,0.83,0.569,-7.737,0.165,0.419,0.0,0.156,0.858,129.968
spotify:track:1Zv6zo71iDXH07Lin7hxMg,0.699,0.562,-5.573,0.253,0.213,0.0,0.42,0.471,104.995
spotify:track:6Qh3Yf7CGQExVlZAe5T668,0.871,0.501,-6.791,0.0453,0.0989,0.43,0.0822,0.853,122.016
spotify:track:6e4ne0tPa87okwHyfcLRxP,0.914,0.53,-8.066,0.318,0.175,0.0,0.173,0.795,140.001
spotify:track:6ZUOfr3K6xFct3j9T1PpOf,0.925,0.651,-8.361,0.0417,0.0649,0.00958,0.259,0.823,129.994
spotify:track:5DHtiiUKhOpVj6j6WWor5s,0.815,0.613,-5.009,0.0323,0.713,0.0,0.114,0.46,94.979
spotify:track:4SVYS3DYewBe0HBPAn4CnF,0.761,0.446,-9.582,0.0589,0.633,0.00274,0.328,0.489,85.981
spotify:track:2qBZtpsdOb4SXRCYdTageW,0.886,0.303,-8.388,0.105,0.738,0.0248,0.335,0.68,84.976
spotify:track:69fmlRYmkSZOn0wk3j646H,0.819,0.659,-4.01,0.182,0.635,0.0,0.175,0.868,97.024
spotify:track:7eRJCsnC77QvpK68xihrVD,0.82,0.458,-10.207,0.37,0.592,4.52e-05,0.467,0.552,95.014
spotify:track:45WL8J05TjpjKSpKYhG495,0.738,0.43,-7.343,0.0737,0.751,1.48e-05,0.114,0.337,92.036
spotify:track:1dA1tlzwcJ3YDYsSul1m06,0.711,0.73,-4.979,0.0436,0.269,2.34e-06,0.109,0.604,93.015
spotify:track:5iu5nos978Xl0QRYqwvPIO,0.808,0.749,-3.99,0.0856,0.25,2.75e-05,0.234,0.925,107.977
spotify:track:4HPt01bjQGK7LHww0gNCGg,0.63,0.379,-8.589,0.562,0.608,0.0,0.0814,0.44,80.045
spotify:track:1fq8831poBYF0E8etl9BkN,0.817,0.483,-7.518,0.241,0.812,0.0,0.235,0.422,93.067
spotify:track:45jYkloDDVgE9VdARMP3zX,0.704,0.447,-8.04,0.25,0.0824,0.0,0.265,0.0589,110.742
spotify:track:0r2d00ZxDmCGyzI6kqUzIO,0.853,0.557,-5.786,0.264,0.386,0.0,0.0889,0.744,75.021
spotify:track:2F55YBLxW82MIvzdnHaacy,0.803,0.434,-6.673,0.034,0.554,0.0,0.183,0.641,90.003
spotify:track:3EhrOTY5Xlb0OOc8miuZGN,0.682,0.734,-5.892,0.0799,0.395,0.0,0.0684,0.738,91.204
spotify:track:4Lw3C847XKs2oO3Wo8aO80,0.747,0.441,-10.032,0.454,0.556,0.0,0.117,0.368,76.933
spotify:track:3fyx5Gt2ikkQqQ5PzsG0zi,0.794,0.495,-8.481,0.335,0.841,0.000308,0.0968,0.698,105.056
spotify:track:1iArAuiiDPjtZcwO33YeLF,0.747,0.618,-4.212,0.047,0.0742,0.0,0.107,0.621,102.038
spotify:track:2IgbYlOlFpiSFYnsqB39lM,0.597,0.486,-5.893,0.0986,0.331,0.0,0.14,0.397,137.68
spotify:track:1pz24zu5H9A0S1a2NKT4F0,0.855,0.58,-6.951,0.141,0.234,0.0,0.0965,0.518,96.998
spotify:track:0sAOiAiIlq3NU7xzM7oaf7,0.714,0.707,-4.873,0.102,0.33,0.0,0.213,0.824,95.227
spotify:track:3eHkFA3StDR9BU7EVrUFLs,0.62,0.644,-2.713,0.0447,0.314,0.0,0.105,0.502,145.87
spotify:track:3hHpCjJdBBw4KjizY8l72r,0.826,0.714,-5.92,0.0659,0.1,3.2e-06,0.256,0.858,120.019
spotify:track:4q9JLlC3HIhN4CDC6KlpYK,0.939,0.519,-5.911,0.12,0.0715,0.0,0.0658,0.826,135.054
spotify:track:27zrFrtUtWl2urlvjOn5xc,0.696,0.778,-4.653,0.0585,0.352,0.0,0.329,0.41,94.996
spotify:track:6Q6P0w0Cq8BxbujshtygHf,0.722,0.691,-2.667,0.0794,0.286,0.0,0.667,0.571,92.029
spotify:track:3OYuHSIBy3KrBDXG9Au5r8,0.708,0.676,-5.856,0.0316,0.458,9.66e-05,0.186,0.491,118.984
spotify:track:6BcOOZoCGPaUuEPGNqGQx2,0.538,0.436,-8.73,0.0504,0.726,0.0,0.151,0.37,87.111
spotify:track:19vA9vjtcyFNDrGixsYozl,0.757,0.624,-7.529,0.255,0.489,0.00853,0.102,0.485,87.017
spotify:track:2e8HPGx1Eo7zSqX7r56KF8,0.545,0.671,-5.453,0.086,0.163,0.0175,0.249,0.617,117.999
spotify:track:3IW5rhsRBxstifAnjQyUI9,0.681,0.785,-4.165,0.105,0.16,0.0,0.582,0.933,103.084
spotify:track:1VrpAZL277l0gnTBhSd3TH,0.894,0.508,-5.4,0.224,0.0538,9.45e-06,0.0745,0.24,90.002
spotify:track:7f5P2kfP16dELU9TOB53pL,0.735,0.49,-5.659,0.151,0.713,0.0,0.096,0.546,93.359
spotify:track:6SuEgkFfiESo1pMLSyAbl3,0.82,0.314,-11.732,0.0499,0.712,8.71e-05,0.0899,0.64,101.053
spotify:track:3wQX0pnRgzLSI1r4rD8pcV,0.675,0.867,-4.108,0.235,0.529,3.24e-06,0.132,0.844,104.012
spotify:track:1dN4Z7wZTQXLEl33RkMO3a,0.846,0.592,-6.452,0.28,0.146,0.0,0.258,0.757,134.024
spotify:track:6IFpwncCkKrXHyP0RuG9r6,0.642,0.642,-5.774,0.0725,0.426,7.74e-06,0.672,0.475,94.958
spotify:track:6txRAxfSDogqUd6BYzfocG,0.728,0.681,-6.099,0.178,0.255,0.0,0.116,0.692,109.921
spotify:track:6vs7hcMDl4l6BQKL9KE9pd,0.752,0.264,-10.956,0.0937,0.594,0.000132,0.107,0.184,86.001
spotify:track:14p5EKgbPx4U3P1j5JNHeh,0.776,0.392,-10.493,0.207,0.271,2.21e-06,0.14,0.438,87.98
spotify:track:6O4S5bDDOrhnHcVkwyAx1L,0.77,0.497,-6.937,0.0293,0.816,0.0,0.0763,0.235,114.991
spotify:track:3PWyoYwI4iHLnLWltMt4gd,0.758,0.402,-5.066,0.0459,0.411,0.0,0.217,0.519,92.109
spotify:track:6FZAc2XaVYc8G8jaDnBshv,0.509,0.502,-6.972,0.0915,0.765,0.0,0.396,0.341,79.16
spotify:track:0q3xk0VI0w7omVXYA09sVw,0.662,0.293,-11.311,0.122,0.49,4.79e-06,0.122,0.304,91.16
spotify:track:172yFZLpVdoUmTvWivZ2Rq,0.807,0.758,-5.693,0.104,0.442,0.0,0.0988,0.857,129.929
spotify:track:3uA8SjMyDtwtt0jLPMQbVD,0.512,0.765,-5.252,0.136,0.246,0.0,0.0573,0.519,169.709
spotify:track:1aoVp7cBSUFvhQPdP1LIaE,0.687,0.696,-4.719,0.173,0.355,0.0,0.104,0.842,80.044
spotify:track:2rswsdvGNEZm4jwTqlWSnP,0.888,0.798,-3.673,0.0877,0.341,0.0,0.0401,0.881,114.975
spotify:track:1ihIXI2MVklmJdPvIUxExZ,0.702,0.587,-5.816,0.122,0.273,0.0,0.0631,0.773,140.005
spotify:track:4Eh8jBc6OMksm9T7ZOgvhK,0.808,0.486,-7.054,0.273,0.33,0.0,0.25,0.695,122.868
spotify:track:34HTGcgaMOzOQHwkVsWQpf,0.627,0.49,-5.884,0.0854,0.317,0.0,0.122,0.412,69.066
spotify:track:16J9CcYE8XRrjHolbP148Y,0.86,0.481,-6.684,0.303,0.425,0.0,0.0705,0.937,93.026
spotify:track:7zDu3l7DDlfSlt20YMKkWo,0.767,0.551,-6.654,0.118,0.395,0.0,0.13,0.881,139.937
spotify:track:1OqUHRSeEAqGexeUIxD3Cw,0.605,0.596,-7.543,0.0415,0.146,0.242,0.142,0.0494,99.948
spotify:track:7BWSk2aTjFUT36b1aEsJzs,0.662,0.466,-7.418,0.0268,0.167,0.00029,0.0967,0.567,89.998
spotify:track:6Z1c71SlMjSI7TZiGu4KaG,0.83,0.491,-4.735,0.0445,0.0842,0.0,0.0915,0.966,132.939
spotify:track:5J2pbMmUcDeaYTyJ3KPjyE,0.632,0.811,-3.306,0.0695,0.181,0.0,0.25,0.607,107.862
spotify:track:4MmPhFWLOT4j5LWMLhJS8F,0.865,0.636,-5.297,0.045,0.0597,2.43e-06,0.0999,0.788,112.962
spotify:track:7BOWxiySEAHOrmskXiZVYF,0.725,0.601,-3.618,0.0486,0.46,0.0,0.0879,0.545,135.945
spotify:track:4r5d7zEBmDBFxKv5JfjSaY,0.659,0.843,-4.313,0.194,0.0585,0.0,0.0887,0.875,76.052
spotify:track:3axXgFQ1Q8cvwnpSqMAwn1,0.48,0.415,-7.424,0.0445,0.385,0.000541,0.0844,0.173,91.611
spotify:track:4Xq8fPbkEcmBT5jMBn7iu7,0.628,0.75,-5.021,0.343,0.165,0.0,0.069,0.663,75.659
spotify:track:2XaQJLamoo5VDrwg3SPLy3,0.688,0.814,-4.428,0.261,0.18,0.0,0.3,0.494,83.938
spotify:track:5rUZeNNC4R65U6UeElMoss,0.677,0.622,-6.171,0.0469,0.499,0.0,0.0907,0.439,90.041
spotify:track:5a0dx1SvXzIr4O3db4ZYwh,0.675,0.606,-6.925,0.0819,0.6,0.0,0.115,0.372,93.923
spotify:track:5rktiIcACrrO1TUV0guLiz,0.393,0.466,-6.537,0.0533,0.263,0.0,0.113,0.218,159.839
spotify:track:5gYmPeY9zKko2K3d4SMTeo,0.701,0.59,-6.276,0.146,0.344,0.0,0.0666,0.656,86.753
spotify:track:2WnJKDk2OlzrTL9OFsKDMW,0.605,0.644,-2.706,0.0464,0.312,0.0,0.105,0.51,145.7
spotify:track:3oGi2hntJYeCH1eWUfCI5m,0.659,0.761,-7.246,0.243,0.142,0.0,0.0961,0.203,79.981
spotify:track:1Eh3vui2oGuZovBpioRxqe,0.844,0.484,-6.562,0.0472,0.461,1.06e-06,0.134,0.811,105.971
spotify:track:6xDuCfOD3RT2ezdNKt6UCY,0.525,0.661,-8.679,0.194,0.372,0.00155,0.167,0.624,175.812
spotify:track:3Uf4GlU2wqL1a0HATUDnNa,0.689,0.649,-5.999,0.0868,0.0519,0.00103,0.12,0.216,150.082
spotify:track:5EruC4ALAKeRzMkhTyImOX,0.75,0.723,-4.971,0.369,0.306,0.0,0.0952,0.836,92.075
spotify:track:2PrGT0zUrne2PXu8kTCweT,0.742,0.746,-4.169,0.046,0.0332,0.0,0.2,0.894,106.949
spotify:track:7LswLVDTUA5cOCEj78LZ4S,0.684,0.554,-6.818,0.0443,0.312,0.0,0.105,0.881,87.963
spotify:track:5V2aDIJcwcDu5m3PTqiIA3,0.763,0.804,-5.777,0.176,0.0162,0.0,0.446,0.564,110.018
spotify:track:75ai0ibymmqyCyaxwZuhnu,0.768,0.618,-6.928,0.0529,0.317,0.0,0.299,0.7,96.975
spotify:track:0Hiqpv2mN9Rzmms0unWMTu,0.68,0.594,-8.579,0.194,0.0623,0.0,0.253,0.74,91.26
spotify:track:2AA1f7utyvXpmtKsEvp5lz,0.726,0.492,-8.046,0.0794,0.566,8.14e-06,0.257,0.526,85.939
spotify:track:7EAkXA5TvfYOYE9EzE3mtc,0.422,0.518,-6.108,0.0859,0.768,0.0,0.358,0.563,140.817
spotify:track:0qJPMK2as5GUi5iSaGUAhR,0.598,0.426,-5.687,0.0835,0.832,0.0,0.0887,0.603,79.6
spotify:track:4OWJIjuq5xtDlbCvg2bH3u,0.697,0.846,-4.999,0.0975,0.174,0.0,0.142,0.754,115.037
spotify:track:6J8xXKZfWLUGijsztBfb6Z,0.466,0.635,-5.25,0.101,0.226,0.0,0.311,0.396,82.951
spotify:track:3e0VhBdgJLUhI1ErcrY64B,0.779,0.559,-6.282,0.0778,0.225,0.0,0.0924,0.9,85.005
spotify:track:3Nad05x6olUEDB13M5U2kC,0.747,0.493,-7.691,0.0526,0.625,0.00413,0.105,0.346,88.005
spotify:track:4raOR19WXie8o9VLuEPEaS,0.452,0.533,-6.453,0.0524,0.444,0.0,0.104,0.171,97.203
spotify:track:0JJeoiCAa1hwcBsPxBN2w4,0.693,0.797,-5.694,0.193,0.0824,0.0,0.108,0.661,102.908
spotify:track:0TNeo89BkTzqlkUBtjxOxQ,0.762,0.71,-5.264,0.0405,0.0451,2e-06,0.167,0.627,97.022
spotify:track:0MHNCzgdgYBfNxB4xHmPM7,0.652,0.77,-4.467,0.221,0.242,0.0,0.042,0.963,179.911
spotify:track:7qOZU5DXQ3HJsrzngN7Qjf,0.702,0.738,-3.481,0.125,0.224,0.0,0.119,0.922,95.977
spotify:track:55PAS4aDqrYvDFf8g0QM74,0.541,0.681,-3.703,0.423,0.51,0.0,0.0614,0.883,177.784
spotify:track:1GWAuOd7yJs1r3KtyFl5XH,0.732,0.798,-4.928,0.278,0.446,0.0,0.0929,0.696,95.97
spotify:track:1l3ZtQ8nf901ie0t49FS12,0.797,0.741,-5.794,0.0906,0.12,0.0,0.119,0.823,105.023
spotify:track:1uFNDwtpFH6ASWsAoeEajI,0.767,0.862,-3.647,0.126,0.28,0.0,0.122,0.848,114.036
spotify:track:51R4fQ1lmnIbYJzBTWP4Mk,0.811,0.735,-4.985,0.0513,0.00877,4.52e-06,0.078,0.763,110.024
spotify:track:7zUsKX3HhaXi7B2YvuOmVZ,0.634,0.766,-5.781,0.186,0.0898,0.0,0.081,0.485,154.154
spotify:track:6Stb5xQgTF3bzGWlqryMxG,0.907,0.524,-7.764,0.199,0.196,1.94e-06,0.0686,0.784,140.007
spotify:track:08aurbdx6Lh5dhNYAXYiBa,0.81,0.769,-5.259,0.204,0.269,0.0,0.406,0.285,105.017
spotify:track:69F89vyxsDnnYNJ9HfwoKr,0.731,0.932,-1.452,0.0841,0.0614,0.0,0.255,0.914,140.083
spotify:track:1vb8Hd9DKciMKBBIwV5QmD,0.85,0.488,-7.052,0.0689,0.552,0.0,0.127,0.531,92.023
spotify:track:6ioaDimY5lmeAl5gBh0imb,0.684,0.742,-4.598,0.116,0.581,1.06e-05,0.184,0.861,80.246
spotify:track:39u6BVHjRo6xU7Tpa1h0Yd,0.488,0.641,-4.391,0.052,0.214,0.0,0.134,0.437,80.18
spotify:track:0ppY4dt67PtwMOZUZpTU4z,0.731,0.859,-3.132,0.1,0.279,0.0,0.0453,0.538,104.976
spotify:track:4gh9wE9VUcpbUGR9G2ljeH,0.558,0.643,-6.317,0.155,0.765,0.0,0.0982,0.473,79.469
spotify:track:5iOAtCkFtfPZoMeMbhMIY0,0.663,0.597,-8.101,0.0564,0.399,0.0,0.139,0.614,140.007
spotify:track:1QFMj5GGXMY7K30dlpAs7j,0.514,0.543,-5.129,0.0324,0.642,0.0,0.0923,0.29,120.006
spotify:track:6Ku5c9UpQh030QPwGpuf7I,0.594,0.59,-7.768,0.0298,0.837,0.0273,0.277,0.672,99.966
spotify:track:2Z2ALuT9qIxffXAnUX46IG,0.677,0.733,-6.939,0.0516,0.49,2.39e-06,0.179,0.521,100.053
spotify:track:1az2fsYCqGXuTmRdAiRwWw,0.747,0.468,-9.607,0.0643,0.454,0.0,0.0853,0.359,118.991
spotify:track:4o0hdmagnZlMFqF5i42MRE,0.53,0.598,-5.708,0.0761,0.246,0.0,0.178,0.244,151.401
spotify:track:1vjjUCkWqRicy9j1dJflBy,0.526,0.658,-7.495,0.089,0.237,0.00068,0.359,0.513,171.708
spotify:track:0o8NDGeaDGeNUrjKgVYM59,0.54,0.792,-5.025,0.143,0.0946,3.5e-06,0.15,0.438,95.18
spotify:track:6Qo4x74ItniMSqyRDAwyKW,0.612,0.587,-5.431,0.0503,0.638,0.0,0.176,0.367,166.092
spotify:track:0MiphDS5xfMLuxlHWSe141,0.659,0.644,-5.415,0.0459,0.137,0.0,0.0745,0.588,105.059
spotify:track:0vfjkdOLTqjiYrWrkW61ZS,0.587,0.153,-13.815,0.0305,0.979,0.353,0.072,0.139,79.65
spotify:track:2FXKtreeU7nH5zeN94pk4O,0.654,0.899,-3.703,0.103,0.0502,0.0,0.34,0.633,99.966
spotify:track:5K209mgnrnMPLNIluT9m77,0.713,0.731,-5.558,0.0383,0.0527,0.0,0.0981,0.417,134.04
spotify:track:5TwenqdGBP8ZQGGvfz2IkK,0.459,0.329,-8.74,0.0861,0.638,0.00177,0.109,0.178,92.636
spotify:track:6TuIgDsaBCFs4bYud1CwJU,0.737,0.665,-5.643,0.349,0.133,0.0,0.07,0.961,90.082
spotify:track:2yngiU9VWoxySD6TehxeDZ,0.828,0.636,-5.78,0.0427,0.0397,1.92e-06,0.102,0.588,100.006
spotify:track:5yyJr6cv3cObSAioXR8h8X,0.747,0.725,-6.249,0.0388,0.0972,0.0,0.106,0.664,119.887
spotify:track:2XdyebP7KxClMOse2C5iyA,0.667,0.233,-11.862,0.0302,0.928,2.69e-05,0.154,0.131,101.865
spotify:track:5XSaFLb9dlUdCwC9WAAsaC,0.653,0.712,-3.732,0.0587,0.637,0.0,0.207,0.675,80.031
spotify:track:4sujPvcfPHfYonL7bC1ZaG,0.603,0.484,-6.88,0.321,0.647,0.0,0.127,0.478,81.382
spotify:track:50ULLiOirobobhnV4i0Dj3,0.64,0.495,-8.506,0.0434,0.42,0.0001,0.369,0.244,140.103
spotify:track:6WX68Y7z07oQlz3VolcGXP,0.751,0.608,-5.032,0.266,0.35,0.0,0.171,0.578,128.024
spotify:track:76VMxbmR6IJo8bPVvaQaF4,0.783,0.861,-4.156,0.036,0.18,1.1e-05,0.0628,0.693,106.972
spotify:track:1zaJP6bRuGYBnSaZ7ad22D,0.828,0.636,-5.78,0.0427,0.0397,1.92e-06,0.102,0.588,100.006
spotify:track:5E6YIdUMaGNxfyLjmutMKn,0.894,0.489,-8.536,0.0874,0.283,1.97e-05,0.085,0.777,116.004
spotify:track:7ztlf9mCrjoLXAYYf0LCYx,0.732,0.6,-6.127,0.0535,0.0307,8.25e-05,0.137,0.238,131.912
spotify:track:4fJCpN7FSKLMt22aKQxSuJ,0.847,0.713,-6.267,0.275,0.188,0.0,0.0821,0.686,97.021
spotify:track:19zsSUEuJNzNA6eqInqyF9,0.698,0.497,-6.606,0.0825,0.502,0.0,0.0918,0.646,124.942
spotify:track:3Vj2e5TvjUTIWZHoz3wWOm,0.614,0.729,-4.617,0.0583,0.173,0.0,0.173,0.837,89.975
spotify:track:71vXgkxUvxRrqbyQM15nEO,0.801,0.688,-5.696,0.0802,0.393,0.0,0.067,0.482,107.991
spotify:track:7jLvgYw7NcFi7kQz1RBABd,0.875,0.855,-4.561,0.242,0.137,0.0,0.111,0.874,117.998
spotify:track:6Ujcy9lBpqQSmcZ2UtZzoy,0.779,0.471,-4.614,0.0288,0.648,2.23e-05,0.109,0.609,101.923
spotify:track:6pm3SR1vvrV54AOJWsN7y7,0.738,0.498,-6.373,0.155,0.237,0.0,0.164,0.809,95.042
spotify:track:5LJeHjBzI0zv9M6bCGcXh1,0.572,0.559,-8.012,0.042,0.801,0.000288,0.257,0.426,131.002
spotify:track:04BNdY6uUomT20VbVlMA0M,0.657,0.839,-3.872,0.115,0.701,0.0,0.314,0.864,149.956
spotify:track:56L4CmXHNQzwF3mt4GrPsM,0.723,0.725,-4.468,0.0367,0.104,2.5e-06,0.077,0.392,97.042
spotify:track:1RI0nXipszDLnn6gCLWwx3,0.759,0.639,-6.521,0.0484,0.238,0.00058,0.165,0.517,115.926
spotify:track:0PkpRtJqrwuXhbdtJuQm7E,0.597,0.458,-8.295,0.0609,0.809,0.0,0.105,0.184,90.15
spotify:track:39qmiUuzjdCnn9FGAutekp,0.403,0.517,-5.632,0.122,0.776,0.0,0.146,0.691,171.893
spotify:track:2FtYsP6u4KUCFBacPHlFi6,0.628,0.495,-9.371,0.0634,0.201,1.82e-05,0.382,0.365,149.746
spotify:track:0inDmDmSGkTRVqURPRqhVZ,0.745,0.594,-6.758,0.0679,0.261,0.00112,0.0837,0.765,79.017
spotify:track:2CTPgzH39uhpUjZjMXEUvO,0.79,0.583,-4.696,0.13,0.492,0.0,0.185,0.738,85.023
spotify:track:5IiN9nsMCDRlInU3QcXfqM,0.959,0.414,-6.792,0.041,0.405,0.000818,0.075,0.871,107.949
spotify:track:084FkT1AH865kzRCscjoCI,0.46,0.303,-8.931,0.067,0.93,2.44e-06,0.123,0.24,79.018
spotify:track:6WQ0UmO1adVf9pHrpsY48y,0.763,0.532,-6.353,0.0594,0.811,0.0,0.0975,0.437,142.121
spotify:track:3woXnjYYyZ66vPg3lutPDj,0.656,0.369,-6.348,0.0354,0.565,0.0,0.197,0.787,77.987
spotify:track:4JHbjHpTmqjdzDGJWWgACq,0.819,0.633,-4.964,0.0463,0.245,3.46e-06,0.257,0.616,128.015
spotify:track:3b6hdvwUxqG7A45NNE876I,0.796,0.539,-5.61,0.22,0.703,0.0,0.113,0.929,74.028
spotify:track:5LtdONjeNrD1e77InAyPIF,0.777,0.911,-5.218,0.108,0.0702,0.0,0.336,0.794,111.002
spotify:track:3Y5ZCaZHkaj2VxVEsAgVA4,0.701,0.825,-4.097,0.16,0.216,2.19e-06,0.0971,0.553,92.472
spotify:track:2ow1zJpeUD8eDm0KsoxvkS,0.828,0.648,-4.872,0.112,0.621,0.0,0.2,0.801,120.028
spotify:track:1UcaYR6kemiP0Zyjy74JjW,0.641,0.636,-3.734,0.425,0.364,0.0,0.0647,0.588,132.95
spotify:track:0uCQDrUVIriDd1mJYMSov2,0.922,0.41,-8.124,0.16,0.043,0.000442,0.386,0.404,115.021
spotify:track:4crUCJwwbnRyl4g91zmmzJ,0.774,0.517,-4.793,0.0598,0.414,0.0,0.117,0.627,100.025
spotify:track:6fa4A3spdg6hQIYdHfX0vz,0.824,0.471,-6.873,0.0549,0.202,8.73e-06,0.0902,0.438,125.004
spotify:track:0Led6AmKzXFljcIUuqcb9h,0.689,0.554,-7.087,0.0427,0.0746,0.0,0.246,0.361,100.03
spotify:track:3VLB6LWEJk0Q8GvbIyo7Q0,0.739,0.713,-5.617,0.101,0.0105,0.00225,0.317,0.65,104.007
spotify:track:3IsOOzLVNjyuJs1z2hZN0b,0.847,0.498,-5.494,0.0335,0.555,0.0,0.11,0.896,105.029
spotify:track:2S3ffti8IkFh9Jsp9AFWdk,0.86,0.488,-5.829,0.231,0.254,0.0,0.0708,0.848,143.919
spotify:track:4UxgFEXOwq70QfCwAoAT3X,0.682,0.428,-8.432,0.0452,0.265,1.13e-05,0.168,0.53,98.0
spotify:track:22tAOnXPrSFOp2En3WcyyA,0.65,0.346,-7.85,0.0402,0.721,0.000577,0.371,0.125,123.919
spotify:track:51bAYkcnw2WvMo4tps2txV,0.535,0.787,-4.193,0.112,0.735,2.41e-06,0.074,0.777,184.003
spotify:track:26uYvBwpeHoVsuUmtJKajm,0.771,0.592,-5.13,0.0339,0.654,0.0,0.12,0.704,121.032
spotify:track:7i1hrIAP57G8nFPxz3X4vi,0.866,0.619,-4.19,0.346,0.328,0.0,0.13,0.936,87.979
spotify:track:4A58dRSeoQ7MD4kMQZ5paJ,0.635,0.576,-3.98,0.363,0.623,0.0,0.138,0.639,133.891
spotify:track:2bkMHCl2m2pn47ouxTEyhm,0.785,0.598,-7.455,0.0387,0.0729,0.0,0.287,0.364,109.993
spotify:track:7caryRzxCgEcDTKsLEY8n9,0.739,0.7,-6.451,0.44,0.546,0.0,0.236,0.575,80.053
spotify:track:5lmB0MWXCUykP574GdGnm9,0.8,0.567,-7.22,0.112,0.788,8.14e-05,0.1,0.441,134.999
spotify:track:1hvaLZaVGnH2mkpp1BRuL7,0.789,0.74,-4.169,0.282,0.237,0.0,0.0478,0.733,89.951
spotify:track:7tIJDktakabGoHjwTTa35W,0.756,0.426,-8.75,0.0745,0.504,0.0394,0.0884,0.355,135.96
spotify:track:2rpHZgxsvWpLxaZLHD1SMQ,0.661,0.714,-5.524,0.114,0.641,0.0,0.287,0.775,92.979
spotify:track:2ybZisTQOxGsyWCtIQnUFz,0.842,0.507,-8.038,0.054,0.774,0.00815,0.289,0.765,110.989
spotify:track:7FdRx5M3ihEE6kPiiK6wLe,0.813,0.693,-5.682,0.0841,0.0946,1.64e-05,0.0818,0.892,119.991
spotify:track:6nselJ0ffqAVyGDS0tKwTY,0.705,0.724,-4.565,0.0491,0.615,0.000245,0.145,0.708,116.02
spotify:track:7Cvrw2NqxhCJ3UHhjxd1Oj,0.76,0.562,-4.791,0.104,0.668,2.38e-05,0.12,0.776,111.003
spotify:track:2U0cZ399tUNrpsdCYbd6b4,0.682,0.692,-5.552,0.0529,0.308,1.49e-06,0.377,0.536,98.037
spotify:track:1Ahrvnhtnw8rLIX3w5va8F,0.779,0.519,-5.961,0.0443,0.233,0.0,0.099,0.711,82.988
spotify:track:0IY1tGHXJlhT32hyTKIzog,0.714,0.822,-4.858,0.0663,0.344,0.0,0.306,0.96,124.057
spotify:track:1evfI43cBtrO01rutOIxgV,0.673,0.681,-5.251,0.226,0.464,1.17e-05,0.103,0.437,79.887
spotify:track:45PGQFEmhv3o02FHeLS56w,0.734,0.676,-5.787,0.245,0.598,0.0,0.126,0.75,96.059
spotify:track:13LzqEGhX8OeIWlDu9i2qE,0.83,0.774,-4.233,0.0434,0.0125,0.0,0.327,0.54,113.043
spotify:track:0EYOhg4jMf7hCLeQIxlvKL,0.883,0.647,-8.2,0.0799,0.57,1.05e-06,0.359,0.729,117.016
spotify:track:7LN1f9jAIu7yxBzsLMN7RB,0.496,0.63,-7.849,0.186,0.0747,0.0,0.638,0.318,168.225
spotify:track:4Z2mXXSzuCDEHZtFGmy0X5,0.855,0.482,-6.673,0.0332,0.0277,0.0,0.116,0.654,109.995
spotify:track:31inMSh6ThzDT0hZJboU6X,0.735,0.585,-5.792,0.115,0.41,0.0,0.202,0.429,130.062
spotify:track:6oTdsBJmsEzK55Xzl8QYxn,0.68,0.411,-7.193,0.486,0.0903,0.0,0.128,0.835,80.809
spotify:track:5NnNl71fwVkuB1M45CXvdb,0.7,0.696,-5.356,0.0525,0.262,0.0,0.107,0.293,124.825
spotify:track:1kQcX6cLpC57HQqqSRrHi4,0.621,0.235,-9.378,0.0512,0.735,0.0,0.248,0.757,160.015
spotify:track:3rQmTAyMDDZ73rMyhLkn98,0.805,0.393,-6.976,0.0339,0.717,6.56e-06,0.105,0.407,89.03
spotify:track:04IGR2cI76yPj8GUoNhUv5,0.647,0.491,-7.771,0.0811,0.252,4.08e-06,0.274,0.796,126.729
spotify:track:72KcdW6Xk4CH9TvCAssb99,0.542,0.675,-6.152,0.0702,0.188,1.56e-06,0.196,0.377,79.928
spotify:track:48kGawOjwMzRqltSVL88es,0.395,0.564,-5.477,0.148,0.664,0.0,0.0998,0.45,185.628
spotify:track:7gezZesPe5YSpttywUx2rP,0.701,0.548,-7.52,0.0351,0.22,0.0,0.105,0.532,110.039
spotify:track:5BVjsCcDlYgJG2bB2jsOeI,0.67,0.532,-4.661,0.254,0.553,0.000349,0.0956,0.718,159.948
spotify:track:36gN14w6CqeR2Sr4Ro4u0j,0.64,0.799,-3.655,0.0387,0.033,0.0,0.141,0.528,95.004
spotify:track:6uinpqa2nfwWmlj0lOgAf0,0.569,0.54,-7.94,0.272,0.391,0.0,0.173,0.555,161.901
spotify:track:6cjqrltcgMe98n6tcEF8Uu,0.616,0.467,-7.453,0.336,0.614,0.0,0.158,0.437,122.583
spotify:track:2StZCouHC4MLNXioGHCUXP,0.674,0.863,-1.581,0.0828,0.303,0.0,0.15,0.854,120.027
spotify:track:0tWJ05IcctwDbJ0PfDbigg,0.602,0.75,-4.864,0.167,0.178,0.0,0.292,0.624,78.872
spotify:track:3Dp5gsQzMdYu64wE8qqDAG,0.651,0.807,-5.192,0.237,0.029,0.0,0.512,0.529,113.052
spotify:track:6Yxc5gXQamINYvMN92UXq9,0.69,0.726,-7.748,0.28,0.453,0.0,0.385,0.516,88.076
spotify:track:6rARj2kpBTwG41AjeUVHLd,0.389,0.574,-6.332,0.109,0.0577,0.0,0.101,0.424,96.555
spotify:track:409RTuAuP73pY0vrSpGFxP,0.65,0.616,-6.414,0.0508,0.0894,0.0,0.57,0.373,129.97
spotify:track:0ah2LxA7UYiZtmcLB3XQI3,0.532,0.863,-4.779,0.289,0.262,0.0,0.0669,0.497,97.867
spotify:track:4UeBknW6SpdoPumvc5r54O,0.685,0.559,-6.005,0.0543,0.195,0.0,0.168,0.765,109.159
spotify:track:4sa8O4AwMja6r1Enu35Fmz,0.457,0.818,-4.157,0.261,0.221,0.0,0.435,0.822,96.168
spotify:track:2yGzZkY6OGXWgS5vpd5VuF,0.658,0.633,-7.392,0.0921,0.81,0.0,0.17,0.742,171.895
spotify:track:77dcmf2tTedc3BuOPF13Ma,0.64,0.734,-4.67,0.0381,0.039,0.0,0.333,0.308,97.862
spotify:track:6cUF5nmzQIi6iEHzBpedeV,0.827,0.341,-10.171,0.0712,0.881,0.0,0.129,0.216,113.931
spotify:track:0FsWAbUVhwGT8pIL8tCFiD,0.548,0.314,-8.148,0.272,0.629,0.0,0.23,0.473,176.681
spotify:track:3f17oLkRGax1cbmQtUX5zL,0.491,0.616,-6.241,0.199,0.0679,0.0,0.176,0.378,121.83
spotify:track:3DO8WRX72c1Z5hduVL1Nd5,0.68,0.451,-8.76,0.0329,0.794,0.0,0.0971,0.371,87.042
spotify:track:0l9LpCsYufB1e5PJSvOXbU,0.746,0.427,-6.994,0.0435,0.812,0.0,0.143,0.464,85.021
spotify:track:7dHo2Ltj4ByzHow10Fsp38,0.66,0.355,-6.886,0.0438,0.73,0.0,0.0988,0.509,79.037
spotify:track:4Gw5p7aLIahiiVpihw5DQq,0.724,0.604,-5.737,0.213,0.254,0.00124,0.179,0.713,95.124
spotify:track:5BhXBPf3kHOgArWYtXHQar,0.769,0.601,-5.398,0.0614,0.441,0.000145,0.121,0.442,83.976
spotify:track:10cooctlCCbE3LTX2HBuOT,0.708,0.305,-9.081,0.102,0.836,0.00732,0.0992,0.305,83.975
spotify:track:4ZVnf0qn7ROWgHwQqPszqZ,0.634,0.418,-8.321,0.0509,0.808,0.00065,0.136,0.232,105.831
spotify:track:1fY2pOz2r3dlWIfRJJTh3b,0.562,0.587,-7.606,0.0727,0.508,0.0,0.158,0.466,69.97
spotify:track:1xfu5RELA5t2E2KeOG2ePD,0.877,0.513,-6.045,0.0342,0.491,0.0,0.0908,0.889,100.966
spotify:track:4bVuNGm4o44E9VKfoytIUN,0.781,0.483,-8.208,0.0896,0.348,0.0119,0.0846,0.655,75.995
spotify:track:6L6iYGRyFdO1eEdZW67Pfo,0.731,0.831,-3.679,0.117,0.719,8.59e-06,0.39,0.723,79.995
spotify:track:7ESCdMmtuLbLWNEzcvNlf7,0.745,0.622,-4.134,0.201,0.151,0.0,0.0931,0.798,76.001
spotify:track:4hSypX5zH1OUW0BDQZuAQV,0.7,0.458,-7.84,0.0421,0.81,1.43e-05,0.103,0.492,144.02
spotify:track:0GBC7xNTLl6d0I3RGSdf0V,0.65,0.443,-7.266,0.055,0.607,0.000147,0.261,0.223,84.009
spotify:track:5IYOPobGfWbf98IcJeypHk,0.86,0.483,-4.227,0.361,0.485,1.74e-06,0.248,0.518,76.997
spotify:track:5PW6S8xI7LEvuinIlPZo0p,0.683,0.755,-3.898,0.266,0.237,0.0,0.191,0.5,85.158
spotify:track:7rHxGL9g6jqybXKw3K2478,0.875,0.57,-5.073,0.183,0.606,0.0,0.118,0.739,79.93
spotify:track:51Y7jbTiH8xBDfLvRAxFFE,0.848,0.795,-3.315,0.0856,0.41,0.0,0.18,0.871,130.054
spotify:track:46kHdS6WqLTal5po1gJZbL,0.845,0.769,-3.679,0.0557,0.155,0.0,0.214,0.843,115.975
spotify:track:4dwkewO9G5lgLOeUZsgVJr,0.832,0.464,-4.609,0.0527,0.594,0.0,0.318,0.722,117.993
spotify:track:7pznwivN3PNEvJygaWYARv,0.831,0.429,-8.219,0.0379,0.354,2.67e-06,0.109,0.301,114.991
spotify:track:2fhO84iCoflkYe8LJPUg2V,0.911,0.57,-5.519,0.0582,0.748,0.0,0.215,0.661,102.108
spotify:track:26o0WuuTmad1IbAJghZ475,0.923,0.741,-6.561,0.131,0.713,0.0,0.0954,0.81,134.995
spotify:track:7oszoEgKHavwnxhECyX3GS,0.594,0.537,-5.628,0.0722,0.27,0.0,0.219,0.676,139.993
spotify:track:0lPO44YcxYMkMX5tRjCKHC,0.78,0.741,-3.232,0.168,0.202,0.0,0.11,0.69,130.009
spotify:track:2jBSyGuol2kWCdgSoclQ9C,0.756,0.591,-6.639,0.0457,0.54,0.0,0.0866,0.874,104.001
spotify:track:1mKvuX59nIvGwGpypwAy7k,0.695,0.408,-7.357,0.0487,0.703,0.0,0.0965,0.402,131.984
spotify:track:3tlCKAqLhoHpzKvOlBMVqY,0.621,0.59,-5.303,0.0895,0.781,0.0,0.104,0.263,74.127
spotify:track:6YKb5UMzDOtfCfbPvJZ8XT,0.474,0.283,-8.25,0.143,0.688,5.55e-06,0.087,0.437,80.336
spotify:track:6YIWqm5Ve8DAorZC5M5pMD,0.511,0.546,-8.495,0.0305,0.932,0.0117,0.523,0.364,75.967
spotify:track:2NlMwvRk38fLpC1AMRw7Lu,0.643,0.596,-4.055,0.299,0.225,0.0111,0.132,0.401,90.175
spotify:track:4Y2dcbHaG9J7rXvqHIBlZL,0.766,0.427,-8.559,0.0503,0.569,2.73e-05,0.0627,0.47,85.002
spotify:track:4SWki9wQIvFyyzoEu9ye3T,0.816,0.382,-6.915,0.0345,0.336,0.000422,0.0741,0.665,95.977
spotify:track:7Mrb4sz3MQNdTQINeO1dOB,0.756,0.808,-3.272,0.0752,0.147,0.0,0.129,0.685,100.019
spotify:track:79VGLylZE7PDpuVjQwapOV,0.978,0.205,-12.837,0.402,0.164,0.877,0.112,0.687,123.941
spotify:track:5AW7S1fNfRrEFuxVlg0wdS,0.816,0.804,-4.502,0.106,0.145,0.0,0.338,0.83,114.997
spotify:track:2p7Lic9aZImmcKA9N7K1pG,0.774,0.612,-4.412,0.0318,0.268,0.0,0.0895,0.573,115.997
spotify:track:4wBHhHH7lptDbAMpxS0rla,0.87,0.629,-3.824,0.0905,0.137,0.0,0.115,0.562,114.983
spotify:track:15lMi1pGF3IsKBQMsHeyHw,0.741,0.707,-4.371,0.345,0.339,0.0,0.0953,0.82,95.612
spotify:track:5zRQPGtjS8jI1euPLZu55J,0.679,0.309,-9.183,0.0703,0.57,0.0,0.0853,0.341,180.002
spotify:track:42KaU4Hkoad4QvTNJyCJrO,0.454,0.554,-4.076,0.0386,0.5,0.0,0.0728,0.452,89.979
spotify:track:7BklQjQ6jenm5UIGsbTDHX,0.735,0.602,-4.62,0.0777,0.499,0.0,0.0924,0.761,146.193
spotify:track:72w5IP9WTj84azxQ8DIyv5,0.534,0.658,-4.635,0.105,0.753,0.0,0.112,0.505,85.94
spotify:track:4BCBOgxOIACmIHlZeWCfZk,0.832,0.446,-8.262,0.232,0.0733,4.18e-05,0.366,0.423,90.007
spotify:track:6iFuenXxesdLj6gtJ7jts4,0.742,0.557,-5.918,0.0525,0.114,5.56e-06,0.0537,0.882,135.08
spotify:track:1CT1dgsDKm4n0ykVyoBj3R,0.917,0.6,-5.362,0.0483,0.296,0.00159,0.0469,0.659,120.001
spotify:track:3k7ikTNf1Ms0ZfTsoe9Blk,0.635,0.639,-6.39,0.0821,0.523,0.0,0.203,0.575,74.976
spotify:track:2P0ALc8gOK3rflaBUEeGJY,0.792,0.566,-6.929,0.252,0.389,0.0,0.56,0.922,140.099
spotify:track:07IlTJZln2vfZtJ7vR4IMf,0.631,0.709,-3.279,0.0698,0.285,0.0,0.236,0.525,77.539
spotify:track:0vFKaaqXkeaaC2iGtKRGyt,0.854,0.618,-5.927,0.0576,0.469,0.0,0.12,0.836,131.981
spotify:track:0A1zGC9wx1xFPreIveWiak,0.548,0.383,-9.992,0.21,0.81,0.0,0.117,0.286,131.03
spotify:track:0lSJQip2wVidbu1JfZ4IEQ,0.842,0.522,-5.815,0.0329,0.719,0.0,0.191,0.641,119.045
spotify:track:2o7xGoxVZwO4smnDGssWMD,0.671,0.354,-7.644,0.036,0.704,6.42e-05,0.107,0.237,76.975
spotify:track:0hOHuFA0BpaFMk8YZpTsaY,0.619,0.75,-5.143,0.132,0.345,0.0,0.0739,0.437,93.861
spotify:track:1INgQDGyS7a0mrG3X2oJpj,0.794,0.365,-8.694,0.173,0.402,2.03e-06,0.358,0.493,89.015
spotify:track:1f26mzPoBLP8OO67XDmwv8,0.771,0.514,-7.466,0.0392,0.65,0.108,0.129,0.805,121.956
spotify:track:3cDPmgGMkuwPhegO63xFmk,0.625,0.36,-8.562,0.0379,0.582,0.0,0.248,0.393,135.855
spotify:track:0QgNknUfBoAKspeJXNKk5Q,0.715,0.221,-12.757,0.0463,0.818,1.7e-05,0.0939,0.0494,119.931
spotify:track:5KnfD0WLGxFUTcsRpz9w2w,0.687,0.469,-9.9,0.311,0.518,0.0,0.101,0.619,85.961
spotify:track:7ssH860pGzXKPx3MkfPBTw,0.863,0.446,-5.952,0.0457,0.0624,1.21e-05,0.0706,0.629,124.013
spotify:track:6cJr288Y6aoYZn5tQRpNHq,0.695,0.413,-5.047,0.0865,0.57,0.000425,0.107,0.517,84.005
spotify:track:3uOVopyObWmcrGbTsKu4sH,0.407,0.503,-8.984,0.0436,0.837,0.000109,0.332,0.269,136.239
spotify:track:7u2fcMmCUvboH1G2nYQFRP,0.748,0.753,-4.603,0.116,0.0162,0.0,0.185,0.748,109.496
spotify:track:70EzzdKkfORRFG1P5A2A0D,0.797,0.724,-4.323,0.108,0.53,1.85e-06,0.113,0.235,103.021
spotify:track:1Xsw6tFFDKniy1eZg6QEY9,0.676,0.451,-7.966,0.0367,0.373,1.97e-06,0.154,0.839,172.038
spotify:track:2dvX7Chy092P8yDgvcIESa,0.821,0.532,-5.605,0.0903,0.227,2.3e-06,0.204,0.672,89.01
spotify:track:7flfjW3x5pEd5pCz4Uw5u1,0.752,0.341,-8.882,0.0646,0.755,0.0,0.145,0.715,62.03
spotify:track:37LGPxmWd0LLKt80PKEDfz,0.395,0.563,-5.477,0.148,0.665,0.0,0.0998,0.449,185.616
spotify:track:6tuUkLz8b651o4pamW2sJe,0.74,0.712,-3.727,0.0472,0.583,0.0,0.0747,0.868,85.016
spotify:track:5FFYJ3zu1ZvPM5i8hMtrQS,0.827,0.566,-6.167,0.169,0.431,0.0,0.0934,0.682,149.968
spotify:track:7wFmMb8H1CfU83hAwlkFdj,0.556,0.532,-5.266,0.0335,0.533,0.0,0.199,0.391,150.181
spotify:track:6F3K0PkrZhRCu59PSGnuRH,0.724,0.491,-7.415,0.159,0.721,0.00114,0.104,0.899,93.053
spotify:track:1ZUd9LhqUiqFy8j6uAAzx0,0.772,0.533,-4.877,0.0425,0.343,0.0,0.345,0.373,92.902
spotify:track:3pYKGgI0CzsiXUtqI97tuR,0.764,0.339,-13.315,0.0631,0.896,0.00125,0.067,0.248,116.998
spotify:track:6VqTWy8VqZhYVrUz0foEl2,0.442,0.628,-5.915,0.0777,0.336,1.27e-05,0.133,0.594,173.917
spotify:track:3BTspElzsx3FmhIlovBIYD,0.657,0.624,-4.921,0.334,0.459,0.0,0.19,0.794,84.928
spotify:track:3JxRNkoNmAcPgnA5HSnKiz,0.957,0.41,-6.656,0.0773,0.419,0.0,0.0928,0.715,120.007
spotify:track:0zHKzisOc4qiD5DI6tk2W4,0.778,0.742,-6.92,0.0495,0.242,4.59e-05,0.0675,0.556,114.995
spotify:track:17tDTUFDsqMwwVJhjSSQ9S,0.637,0.774,-4.956,0.137,0.0757,0.0,0.423,0.624,110.019
spotify:track:245onUPHGD1DYuiacxTuW0,0.625,0.686,-3.715,0.0414,0.139,0.0,0.11,0.263,133.041
spotify:track:1oCbZQTtCqhJg5ibcyZFWk,0.59,0.663,-4.885,0.0371,0.683,1.24e-05,0.117,0.808,81.809
spotify:track:54Nx0KMNIIA0tAPewmd69X,0.633,0.622,-6.803,0.0457,0.62,0.0,0.104,0.278,87.999
spotify:track:21OMYOgV2wHuZTJCMVnNW0,0.817,0.31,-7.497,0.0412,0.717,0.0746,0.103,0.523,82.006
spotify:track:5czWgQYb8lTwDy9KIjveS9,0.732,0.704,-6.294,0.132,0.527,0.0,0.104,0.487,89.932
spotify:track:76hO7EqaXyXQQ6DJpWPCd7,0.847,0.713,-6.268,0.275,0.19,0.0,0.0821,0.687,97.022
spotify:track:5FOlfvNamMUtnpNa7xsUvI,0.732,0.601,-6.127,0.0535,0.0307,7.65e-05,0.137,0.231,131.912
